MISCELLANEOUS	0	0	0	0
LCK_M_SCH_S	2	22	13	7
LCK_M_SCH_M	4	9	5	6
LCK_M_S	7	6786	1273	1
LCK_M_U	0	0	0	0
LCK_M_X	247	6182	2967	90
LCK_M_IS	0	0	0	0
LCK_M_IU	0	0	0	0
LCK_M_IX	0	0	0	0
LCK_M_SIU	0	0	0	0
LCK_M_SIX	0	0	0	0
LCK_M_UIX	0	0	0	0
LCK_M_BU	0	0	0	0
LCK_M_RS_S	0	0	0	0
LCK_M_RS_U	0	0	0	0
LCK_M_RIn_NL	0	0	0	0
LCK_M_RIn_S	0	0	0	0
LCK_M_RIn_U	0	0	0	0
LCK_M_RIn_X	0	0	0	0
LCK_M_RX_S	0	0	0	0
LCK_M_RX_U	0	0	0	0
LCK_M_RX_X	0	0	0	0
LATCH_NL	0	0	0	0
LATCH_KP	0	0	0	0
LATCH_SH	1	0	0	0
LATCH_UP	0	0	0	0
LATCH_EX	10	1	0	0
LATCH_DT	0	0	0	0
PAGELATCH_NL	0	0	0	0
PAGELATCH_KP	0	0	0	0
PAGELATCH_SH	11	0	0	0
PAGELATCH_UP	0	0	0	0
PAGELATCH_EX	6	0	0	0
PAGELATCH_DT	0	0	0	0
PAGEIOLATCH_NL	0	0	0	0
PAGEIOLATCH_KP	0	0	0	0
PAGEIOLATCH_SH	35	18	5	1
PAGEIOLATCH_UP	2	0	0	0
PAGEIOLATCH_EX	1	0	0	0
PAGEIOLATCH_DT	0	0	0	0
TRAN_MARKLATCH_NL	0	0	0	0
TRAN_MARKLATCH_KP	0	0	0	0
TRAN_MARKLATCH_SH	0	0	0	0
TRAN_MARKLATCH_UP	0	0	0	0
TRAN_MARKLATCH_EX	0	0	0	0
TRAN_MARKLATCH_DT	0	0	0	0
LAZYWRITER_SLEEP	99	91801	1003	7
IO_COMPLETION	4	0	0	0
ASYNC_IO_COMPLETION	1	191	191	0
ASYNC_NETWORK_IO	50	1417	123	61
SLEEP_BPOOL_FLUSH	2	87	82	0
CHKPT	1	431	431	0
SLEEP_DBSTARTUP	16	1531	100	0
SLEEP_MASTERMDREADY	0	0	0	0
SLEEP_MASTERUPGRADED	1	106	106	0
SLEEP_MASTERDBREADY	1	426	426	0
SLEEP_TEMPDBSTARTUP	0	0	0	0
SLEEP_DCOMSTARTUP	1	158	158	0
SLEEP_TASK	355	228210	1025	116
SLEEP_SYSTEMTASK	1	431	431	0
RESOURCE_SEMAPHORE	0	0	0	0
DTC	0	0	0	0
OLEDB	0	0	0	0
FAILPOINT	0	0	0	0
RESOURCE_QUEUE	0	0	0	0
ASYNC_DISKPOOL_LOCK	0	0	0	0
THREADPOOL	5	2	1	0
DEBUG	0	0	0	0
REPLICA_WRITES	0	0	0	0
BROKER_RECEIVE_WAITFOR	0	0	0	0
DBMIRRORING_CMD	0	0	0	0
WAIT_FOR_RESULTS	0	0	0	0
SOS_SCHEDULER_YIELD	3797	3115	19	3108
SOS_VIRTUALMEMORY_LOW	0	0	0	0
SOS_CALLBACK_REMOVAL	0	0	0	0
SOS_MEMORY_TOPLEVELBLOCKALLOCATOR	0	0	0	0
SOS_PHYS_PAGE_CACHE	0	0	0	0
ONDEMAND_TASK_QUEUE	1	0	0	0
LOGMGR_QUEUE	843	91917	131	7
REQUEST_FOR_DEADLOCK_SEARCH	19	90000	5000	90000
CHECKPOINT_QUEUE	1	0	0	0
PARALLEL_BACKUP_QUEUE	0	0	0	0
DUMP_LOG_COORDINATOR_QUEUE	0	0	0	0
LOWFAIL_MEMMGR_QUEUE	0	0	0	0
BACKUP	0	0	0	0
BACKUPBUFFER	0	0	0	0
BACKUPIO	0	0	0	0
BACKUPTHREAD	0	0	0	0
DBMIRROR_DBM_MUTEX	0	0	0	0
DBMIRROR_DBM_EVENT	0	0	0	0
DBMIRROR_SEND	0	0	0	0
DBMIRROR_EVENTS_QUEUE	0	0	0	0
DBMIRROR_WORKER_QUEUE	0	0	0	0
HTTP_START	0	0	0	0
HTTP_ENUMERATION	0	0	0	0
SOAP_READ	0	0	0	0
SOAP_WRITE	0	0	0	0
DUMP_LOG_COORDINATOR	0	0	0	0
DISKIO_SUSPEND	0	0	0	0
IMPPROV_IOWAIT	0	0	0	0
DEADLOCK_TASK_SEARCH	0	0	0	0
REPL_SCHEMA_ACCESS	0	0	0	0
REPL_MEM_ACCESS	0	0	0	0
REPL_TIMER_ACCESS	0	0	0	0
REPL_CACHE_ACCESS	0	0	0	0
KSOURCE_WAKEUP	1	0	0	0
SQLSORT_SORTMUTEX	0	0	0	0
SQLSORT_NORMMUTEX	0	0	0	0
SQLTRACE_WAIT_ENTRIES	0	0	0	0
SQLTRACE_FILE_BUFFER	0	0	0	0
SQLTRACE_INCREMENTAL_FLUSH_SLEEP	23	88002	4001	0
SQLTRACE_SHUTDOWN	0	0	0	0
QUERY_TRACEOUT	0	0	0	0
DTC_STATE	0	0	0	0
BROKER_TRANSMITTER	2	0	0	0
BROKER_SERVICE	0	0	0	0
BROKER_SHUTDOWN	0	0	0	0
BROKER_MASTERSTART	1	0	0	0
BROKER_REGISTERALLENDPOINTS	0	0	0	0
BROKER_EVENTHANDLER	2	7	7	5
FCB_REPLICA_WRITE	0	0	0	0
FCB_REPLICA_READ	0	0	0	0
WRITELOG	49	87	8	13
EXCHANGE	0	0	0	0
EC	0	0	0	0
TEMPOBJ	0	0	0	0
XACTLOCKINFO	0	0	0	0
LOGMGR	0	0	0	0
CMEMTHREAD	1	0	0	0
CMEMPARTITIONED	0	0	0	0
CXPACKET	0	0	0	0
CXCONSUMER	0	0	0	0
HTREPARTITION	0	0	0	0
HTBUILD	0	0	0	0
HTMEMO	0	0	0	0
HTDELETE	0	0	0	0
HTREINIT	0	0	0	0
BMPREPARTITION	0	0	0	0
BMPALLOCATION	0	0	0	0
BMPREPLICATION	0	0	0	0
BMPBUILD	0	0	0	0
SHUTDOWN	0	0	0	0
WAITFOR	0	0	0	0
EXECSYNC	0	0	0	0
DTCPNTSYNC	0	0	0	0
SOSHOST_INTERNAL	0	0	0	0
SOSHOST_SLEEP	0	0	0	0
SOSHOST_WAITFORDONE	0	0	0	0
SOSHOST_MUTEX	0	0	0	0
SOSHOST_EVENT	0	0	0	0
SOSHOST_SEMAPHORE	0	0	0	0
SOSHOST_RWLOCK	0	0	0	0
SOSHOST_TRACELOCK	0	0	0	0
MSQL_XP	0	0	0	0
MSQL_DQ	0	0	0	0
LOGBUFFER	1	2	2	0
TRANSACTION_MUTEX	0	0	0	0
SLEEP_MSDBSTARTUP	0	0	0	0
MSSEARCH	0	0	0	0
XACTWORKSPACE_MUTEX	0	0	0	0
TRACEWRITE	0	0	0	0
WAITSTAT_MUTEX	0	0	0	0
WAITFOR_TASKSHUTDOWN	0	0	0	0
GUARDIAN	0	0	0	0
CLR_TASK_START	0	0	0	0
CLR_JOIN	0	0	0	0
CLR_CRST	0	0	0	0
CLR_SEMAPHORE	0	0	0	0
CLR_MANUAL_EVENT	2	0	0	0
CLR_AUTO_EVENT	6	5752	2247	0
CLR_MONITOR	0	0	0	0
CLR_RWLOCK_READER	0	0	0	0
CLR_RWLOCK_WRITER	0	0	0	0
SQLCLR_QUANTUM_PUNISHMENT	0	0	0	0
SQLCLR_APPDOMAIN	0	0	0	0
SQLCLR_ASSEMBLY	0	0	0	0
KTM_ENLISTMENT	0	0	0	0
KTM_RECOVERY_RESOLUTION	0	0	0	0
KTM_RECOVERY_MANAGER	0	0	0	0
SQLCLR_DEADLOCK_DETECTION	0	0	0	0
QPJOB_WAITFOR_ABORT	0	0	0	0
QPJOB_KILL	0	0	0	0
BAD_PAGE_PROCESS	0	0	0	0
BACKUP_OPERATOR	0	0	0	0
PRINT_ROLLBACK_PROGRESS	0	0	0	0
ENABLE_VERSIONING	0	0	0	0
DISABLE_VERSIONING	0	0	0	0
REQUEST_DISPENSER_PAUSE	0	0	0	0
DROPTEMP	0	0	0	0
FT_RESTART_CRAWL	0	0	0	0
LOGMGR_RESERVE_APPEND	0	0	0	0
LOGMGR_FLUSH	0	0	0	0
XACT_OWN_TRANSACTION	0	0	0	0
XACT_RECLAIM_SESSION	0	0	0	0
DTC_WAITFOR_OUTCOME	0	0	0	0
DTC_RESOLVE	0	0	0	0
SEC_DROP_TEMP_KEY	0	0	0	0
SRVPROC_SHUTDOWN	0	0	0	0
BROKER_INIT	0	0	0	0
BROKER_CONNECTION_RECEIVE_TASK	0	0	0	0
NET_WAITFOR_PACKET	0	0	0	0
DTC_ABORT_REQUEST	0	0	0	0
DTC_TMDOWN_REQUEST	0	0	0	0
RECOVER_CHANGEDB	0	0	0	0
WORKTBL_DROP	0	0	0	0
SNI_WRITE_ASYNC	0	0	0	0
SNI_HTTP_WAITFOR_0_DISCON	0	0	0	0
UTIL_PAGE_ALLOC	0	0	0	0
SERVER_IDLE_CHECK	0	0	0	0
DEADLOCK_ENUM_MUTEX	0	0	0	0
VIEW_DEFINITION_MUTEX	0	0	0	0
QUERY_NOTIFICATION_MGR_MUTEX	0	0	0	0
QUERY_NOTIFICATION_TABLE_MGR_MUTEX	0	0	0	0
QUERY_NOTIFICATION_SUBSCRIPTION_MUTEX	0	0	0	0
QUERY_NOTIFICATION_UNITTEST_MUTEX	0	0	0	0
RESOURCE_SEMAPHORE_MUTEX	0	0	0	0
IO_AUDIT_MUTEX	0	0	0	0
BUILTIN_HASHKEY_MUTEX	0	0	0	0
SOS_PROCESS_AFFINITY_MUTEX	0	0	0	0
MSQL_XACT_MGR_MUTEX	0	0	0	0
MSQL_XACT_MUTEX	0	0	0	0
QRY_MEM_GRANT_INFO_MUTEX	0	0	0	0
SNI_CRITICAL_SECTION	0	0	0	0
SOS_STACKSTORE_INIT_MUTEX	0	0	0	0
SOS_SYNC_TASK_ENQUEUE_EVENT	2	0	0	0
SOS_OBJECT_STORE_DESTROY_MUTEX	0	0	0	0
EE_PMOLOCK	0	0	0	0
QUERY_OPTIMIZER_PRINT_MUTEX	0	0	0	0
DLL_LOADING_MUTEX	0	0	0	0
RESOURCE_SEMAPHORE_QUERY_COMPILE	0	0	0	0
BROKER_ENDPOINT_STATE_MUTEX	0	0	0	0
QUERY_EXECUTION_INDEX_SORT_EVENT_OPEN	0	0	0	0
ERROR_REPORTING_MANAGER	0	0	0	0
EE_SPECPROC_MAP_INIT	0	0	0	0
FULLTEXT GATHERER	0	0	0	0
SEQUENTIAL_GUID	0	0	0	0
BROKER_TASK_STOP	7	70005	10001	0
BROKER_TASK_SHUTDOWN	0	0	0	0
BROKER_TASK_SUBMIT	0	0	0	0
SNI_TASK_COMPLETION	1	0	0	0
SNI_LISTENER_ACCESS	0	0	0	0
EXECUTION_PIPE_EVENT_INTERNAL	0	0	0	0
CLR_MEMORY_SPY	0	0	0	0
CLRHOST_STATE_ACCESS	0	0	0	0
DAC_INIT	1	4	4	0
ASSEMBLY_LOAD	0	0	0	0
VIA_ACCEPT	0	0	0	0
CHECK_PRINT_RECORD	0	0	0	0
INTERNAL_TESTING	0	0	0	0
SCAN_CHAR_HASH_ARRAY_INITIALIZATION	0	0	0	0
FS_GARBAGE_COLLECTOR_SHUTDOWN	0	0	0	0
FSAGENT	0	0	0	0
FILESTREAM_WORKITEM_QUEUE	0	0	0	0
FILESTREAM_FILE_OBJECT	0	0	0	0
FILESTREAM_FCB	0	0	0	0
FILESTREAM_CACHE	0	0	0	0
ABR	0	0	0	0
WCC	0	0	0	0
DUMPTRIGGER	0	0	0	0
TIMEPRIV_TIMEPERIOD	0	0	0	0
DISPATCHER_QUEUE_SEMAPHORE	0	0	0	0
XE_MODULEMGR_SYNC	0	0	0	0
XE_STM_CREATE	0	0	0	0
XE_SESSION_SYNC	0	0	0	0
XE_SESSION_CREATE_SYNC	0	0	0	0
XE_SERVICES_MUTEX	0	0	0	0
XE_SERVICES_RWLOCK	0	0	0	0
XE_SERVICES_EVENTMANUAL	0	0	0	0
XE_OLS_LOCK	0	0	0	0
SOS_DISPATCHER_MUTEX	0	0	0	0
XE_BUFFERMGR_FREEBUF_EVENT	0	0	0	0
XE_BUFFERMGR_ALLPROCESSED_EVENT	0	0	0	0
XE_DISPATCHER_JOIN	0	0	0	0
XE_TIMER_MUTEX	0	0	0	0
XE_TIMER_EVENT	26	90296	4999	89982
XE_TIMER_TASK_DONE	0	0	0	0
XE_DISPATCHER_WAIT	1	0	0	0
XE_DISPATCHER_CONFIG_SESSION_LIST	0	0	0	0
XE_SESSION_FLUSH	0	0	0	0
XE_CALLBACK_LIST	0	0	0	0
BROKER_TO_FLUSH	45	46086	1024	0
NODE_CACHE_MUTEX	0	0	0	0
RG_RECONFIG	0	0	0	0
RESMGR_THROTTLED	0	0	0	0
SOS_MEMORY_USAGE_ADJUSTMENT	0	0	0	0
SECURITY_MUTEX	0	0	0	0
FS_HEADER_RWLOCK	0	0	0	0
FS_LOGTRUNC_RWLOCK	0	0	0	0
FS_FC_RWLOCK	0	0	0	0
FSTR_CONFIG_RWLOCK	0	0	0	0
FSTR_CONFIG_MUTEX	0	0	0	0
FSA_FORCE_OWN_XACT	0	0	0	0
COMMIT_TABLE	0	0	0	0
CXROWSET_SYNC	0	0	0	0
PREEMPTIVE_OS_GENERICOPS	0	0	0	0
PREEMPTIVE_OS_AUTHENTICATIONOPS	1979	4078	10	0
PREEMPTIVE_OS_ACCEPTSECURITYCONTEXT	0	0	0	0
PREEMPTIVE_OS_ACQUIRECREDENTIALSHANDLE	0	0	0	0
PREEMPTIVE_OS_COMPLETEAUTHTOKEN	0	0	0	0
PREEMPTIVE_OS_DECRYPTMESSAGE	0	0	0	0
PREEMPTIVE_OS_DELETESECURITYCONTEXT	0	0	0	0
PREEMPTIVE_OS_ENCRYPTMESSAGE	0	0	0	0
PREEMPTIVE_OS_FREECREDENTIALSHANDLE	0	0	0	0
PREEMPTIVE_OS_INITIALIZESECURITYCONTEXT	0	0	0	0
PREEMPTIVE_OS_LOGONUSER	0	0	0	0
PREEMPTIVE_OS_QUERYSECURITYCONTEXTTOKEN	0	0	0	0
PREEMPTIVE_OS_QUERYCONTEXTATTRIBUTES	0	0	0	0
PREEMPTIVE_OS_VERIFYSIGNATURE	0	0	0	0
PREEMPTIVE_OS_AUTHORIZATIONOPS	18	0	0	0
PREEMPTIVE_OS_AUTHZGETINFORMATIONFROMCONTEXT	0	0	0	0
PREEMPTIVE_OS_AUTHZINITIALIZECONTEXTFROMSID	0	0	0	0
PREEMPTIVE_OS_AUTHZINITIALIZERESOURCEMANAGER	0	0	0	0
PREEMPTIVE_OS_LOOKUPACCOUNTSID	0	0	0	0
PREEMPTIVE_OS_REVERTTOSELF	0	0	0	0
PREEMPTIVE_OS_SETNAMEDSECURITYINFO	0	0	0	0
PREEMPTIVE_OS_CLUSTEROPS	0	0	0	0
PREEMPTIVE_CLUSAPI_CLUSTERRESOURCECONTROL	0	0	0	0
PREEMPTIVE_OS_COMOPS	0	0	0	0
PREEMPTIVE_COM_COCREATEINSTANCE	0	0	0	0
PREEMPTIVE_COM_COGETCLASSOBJECT	0	0	0	0
PREEMPTIVE_COM_CREATEACCESSOR	0	0	0	0
PREEMPTIVE_COM_DELETEROWS	0	0	0	0
PREEMPTIVE_COM_GETCOMMANDTEXT	0	0	0	0
PREEMPTIVE_COM_GETDATA	0	0	0	0
PREEMPTIVE_COM_GETNEXTROWS	0	0	0	0
PREEMPTIVE_COM_GETRESULT	0	0	0	0
PREEMPTIVE_COM_GETROWSBYBOOKMARK	0	0	0	0
PREEMPTIVE_COM_LBFLUSH	0	0	0	0
PREEMPTIVE_COM_LBLOCKREGION	0	0	0	0
PREEMPTIVE_COM_LBREADAT	0	0	0	0
PREEMPTIVE_COM_LBSETSIZE	0	0	0	0
PREEMPTIVE_COM_LBSTAT	0	0	0	0
PREEMPTIVE_COM_LBUNLOCKREGION	0	0	0	0
PREEMPTIVE_COM_LBWRITEAT	0	0	0	0
PREEMPTIVE_COM_QUERYINTERFACE	0	0	0	0
PREEMPTIVE_COM_RELEASE	0	0	0	0
PREEMPTIVE_COM_RELEASEACCESSOR	0	0	0	0
PREEMPTIVE_COM_RELEASEROWS	0	0	0	0
PREEMPTIVE_COM_RELEASESESSION	0	0	0	0
PREEMPTIVE_COM_RESTARTPOSITION	0	0	0	0
PREEMPTIVE_COM_SEQSTRMREAD	0	0	0	0
PREEMPTIVE_COM_SEQSTRMREADANDWRITE	0	0	0	0
PREEMPTIVE_COM_SETDATAFAILURE	0	0	0	0
PREEMPTIVE_COM_SETPARAMETERINFO	0	0	0	0
PREEMPTIVE_COM_SETPARAMETERPROPERTIES	0	0	0	0
PREEMPTIVE_COM_STRMLOCKREGION	0	0	0	0
PREEMPTIVE_COM_STRMSEEKANDREAD	0	0	0	0
PREEMPTIVE_COM_STRMSEEKANDWRITE	0	0	0	0
PREEMPTIVE_COM_STRMSETSIZE	0	0	0	0
PREEMPTIVE_COM_STRMSTAT	0	0	0	0
PREEMPTIVE_COM_STRMUNLOCKREGION	0	0	0	0
PREEMPTIVE_OS_CRYPTOPS	2970	413	80	0
PREEMPTIVE_OS_CRYPTACQUIRECONTEXT	998	289	4	0
PREEMPTIVE_OS_CRYPTIMPORTKEY	0	0	0	0
PREEMPTIVE_OS_DEVICEOPS	0	0	0	0
PREEMPTIVE_OS_RSFXDEVICEOPS	0	0	0	0
PREEMPTIVE_OS_DIRSVC_NETWORKOPS	0	0	0	0
PREEMPTIVE_OS_DSGETDCNAME	0	0	0	0
PREEMPTIVE_OS_NETGROUPGETUSERS	0	0	0	0
PREEMPTIVE_OS_NETLOCALGROUPGETMEMBERS	0	0	0	0
PREEMPTIVE_OS_NETUSERGETGROUPS	0	0	0	0
PREEMPTIVE_OS_NETUSERGETLOCALGROUPS	0	0	0	0
PREEMPTIVE_OS_NETUSERMODALSGET	0	0	0	0
PREEMPTIVE_OS_NETVALIDATEPASSWORDPOLICY	989	482	4	0
PREEMPTIVE_OS_NETVALIDATEPASSWORDPOLICYFREE	989	71	4	0
PREEMPTIVE_OS_DOMAINSERVICESOPS	0	0	0	0
PREEMPTIVE_OS_DTCOPS	0	0	0	0
PREEMPTIVE_DTC_ABORT	0	0	0	0
PREEMPTIVE_DTC_ABORTREQUESTDONE	0	0	0	0
PREEMPTIVE_DTC_BEGINTRANSACTION	0	0	0	0
PREEMPTIVE_DTC_COMMITREQUESTDONE	0	0	0	0
PREEMPTIVE_DTC_ENLIST	0	0	0	0
PREEMPTIVE_DTC_PREPAREREQUESTDONE	0	0	0	0
PREEMPTIVE_OS_FILEOPS	100	1141	28	0
PREEMPTIVE_OS_CLOSEHANDLE	990	418	8	0
PREEMPTIVE_OS_COPYFILE	0	0	0	0
PREEMPTIVE_OS_CREATEDIRECTORY	0	0	0	0
PREEMPTIVE_OS_CREATEFILE	57	59	7	0
PREEMPTIVE_OS_DELETEFILE	1	7	7	0
PREEMPTIVE_OS_DEVICEIOCONTROL	0	0	0	0
PREEMPTIVE_OS_FINDFILE	0	0	0	0
PREEMPTIVE_FILESIZEGET	30	1	0	0
PREEMPTIVE_OS_FLUSHFILEBUFFERS	76	971	351	0
PREEMPTIVE_OS_GETCOMPRESSEDFILESIZE	0	0	0	0
PREEMPTIVE_OS_GETDISKFREESPACE	0	0	0	0
PREEMPTIVE_OS_GETFILEATTRIBUTES	38	20	1	0
PREEMPTIVE_OS_GETFILESIZE	0	0	0	0
PREEMPTIVE_OS_GETLONGPATHNAME	0	0	0	0
PREEMPTIVE_OS_GETVOLUMEPATHNAME	0	0	0	0
PREEMPTIVE_OS_GETVOLUMENAMEFORVOLUMEMOUNTPOINT	1	1	1	0
PREEMPTIVE_OS_MOVEFILE	0	0	0	0
PREEMPTIVE_OS_OPENDIRECTORY	0	0	0	0
PREEMPTIVE_OS_REMOVEDIRECTORY	0	0	0	0
PREEMPTIVE_OS_SETENDOFFILE	0	0	0	0
PREEMPTIVE_OS_SETFILEPOINTER	0	0	0	0
PREEMPTIVE_OS_SETFILEVALIDDATA	0	0	0	0
PREEMPTIVE_OS_WRITEFILE	7	135	76	0
PREEMPTIVE_OS_WRITEFILEGATHER	6	16	5	0
PREEMPTIVE_OS_LIBRARYOPS	1	0	0	0
PREEMPTIVE_OS_FREELIBRARY	0	0	0	0
PREEMPTIVE_OS_GETPROCADDRESS	0	0	0	0
PREEMPTIVE_OS_LOADLIBRARY	0	0	0	0
PREEMPTIVE_OS_MESSAGEQUEUEOPS	0	0	0	0
PREEMPTIVE_ODBCOPS	0	0	0	0
PREEMPTIVE_HTTP_REQUEST	0	0	0	0
PREEMPTIVE_HTTP_EVENT_WAIT	0	0	0	0
PREEMPTIVE_OLEDBOPS	0	0	0	0
PREEMPTIVE_OLEDB_ABORTTRAN	0	0	0	0
PREEMPTIVE_OLEDB_ABORTORCOMMITTRAN	0	0	0	0
PREEMPTIVE_OLEDB_GETDATASOURCE	0	0	0	0
PREEMPTIVE_OLEDB_GETLITERALINFO	0	0	0	0
PREEMPTIVE_OLEDB_GETPROPERTIES	0	0	0	0
PREEMPTIVE_OLEDB_GETPROPERTYINFO	0	0	0	0
PREEMPTIVE_OLEDB_GETSCHEMALOCK	0	0	0	0
PREEMPTIVE_OLEDB_JOINTRANSACTION	0	0	0	0
PREEMPTIVE_OLEDB_RELEASE	0	0	0	0
PREEMPTIVE_OLEDB_SETPROPERTIES	0	0	0	0
PREEMPTIVE_OS_PIPEOPS	0	0	0	0
PREEMPTIVE_OS_DISCONNECTNAMEDPIPE	0	0	0	0
PREEMPTIVE_OS_PROCESSOPS	0	0	0	0
PREEMPTIVE_OS_SECURITYOPS	0	0	0	0
PREEMPTIVE_OS_SERVICEOPS	0	0	0	0
PREEMPTIVE_OS_SQLCLROPS	0	0	0	0
PREEMPTIVE_OS_WINSOCKOPS	0	0	0	0
PREEMPTIVE_OS_GETADDRINFO	0	0	0	0
PREEMPTIVE_OS_WSASETLASTERROR	0	0	0	0
PREEMPTIVE_OS_FORMATMESSAGE	0	0	0	0
PREEMPTIVE_OS_REPORTEVENT	0	0	0	0
PREEMPTIVE_OS_BACKUPREAD	0	0	0	0
PREEMPTIVE_OS_WAITFORSINGLEOBJECT	0	0	0	0
PREEMPTIVE_OS_QUERYREGISTRY	80	9	0	0
PREEMPTIVE_CLOSEBACKUPMEDIA	0	0	0	0
PREEMPTIVE_CLOSEBACKUPTAPE	0	0	0	0
PREEMPTIVE_CLOSEBACKUPVDIDEVICE	0	0	0	0
PREEMPTIVE_OS_VSSOPS	0	0	0	0
PREEMPTIVE_VSS_CREATESNAPSHOT	0	0	0	0
PREEMPTIVE_VSS_CREATEVOLUMESNAPSHOT	0	0	0	0
PREEMPTIVE_DFSADDLINK	0	0	0	0
PREEMPTIVE_DFSLINKEXISTCHECK	0	0	0	0
PREEMPTIVE_DFSLINKHEALTHCHECK	0	0	0	0
PREEMPTIVE_DFSREMOVELINK	0	0	0	0
PREEMPTIVE_DFSREMOVEROOT	0	0	0	0
PREEMPTIVE_DFSROOTFOLDERCHECK	0	0	0	0
PREEMPTIVE_DFSROOTINIT	0	0	0	0
PREEMPTIVE_DFSROOTSHARECHECK	0	0	0	0
PREEMPTIVE_OLE_UNINIT	0	0	0	0
PREEMPTIVE_FSAOLEDB_ABORTTRANSACTION	0	0	0	0
PREEMPTIVE_FSAOLEDB_COMMITTRANSACTION	0	0	0	0
PREEMPTIVE_FSAOLEDB_STARTTRANSACTION	0	0	0	0
PREEMPTIVE_FSRECOVER_UNCONDITIONALUNDO	0	0	0	0
PREEMPTIVE_SERVER_STARTUP	0	0	0	0
PREEMPTIVE_SHAREDMEM_GETDATA	0	0	0	0
PREEMPTIVE_CONSOLEWRITE	0	0	0	0
PREEMPTIVE_TESTING	0	0	0	0
PREEMPTIVE_SOSHOST	0	0	0	0
PREEMPTIVE_SOSTESTING	0	0	0	0
PREEMPTIVE_XETESTING	0	0	0	0
PREEMPTIVE_SB_STOPENDPOINT	1	0	0	0
PREEMPTIVE_STARTRM	0	0	0	0
PREEMPTIVE_GETRMINFO	0	0	0	0
PREEMPTIVE_SETRMINFO	0	0	0	0
PREEMPTIVE_ROLLFORWARDREDO	0	0	0	0
PREEMPTIVE_ROLLFORWARDUNDO	0	0	0	0
PREEMPTIVE_RESIZELOG	0	0	0	0
PREEMPTIVE_REENLIST	0	0	0	0
PREEMPTIVE_TRANSIMPORT	0	0	0	0
PREEMPTIVE_UNMARSHALPROPAGATIONTOKEN	0	0	0	0
PREEMPTIVE_CREATEPARAM	0	0	0	0
PREEMPTIVE_STREAMFCB_RECOVER	0	0	0	0
PREEMPTIVE_STREAMFCB_CHECKPOINT	0	0	0	0
PREEMPTIVE_XE_CALLBACKEXECUTE	259	1	0	0
PREEMPTIVE_XE_DISPATCHER	1	0	0	0
PREEMPTIVE_XE_ENGINEINIT	0	0	0	0
PREEMPTIVE_XE_GETTARGETSTATE	0	0	0	0
PREEMPTIVE_XE_SESSIONCOMMIT	9	1	1	0
PREEMPTIVE_XE_TARGETFINALIZE	0	0	0	0
PREEMPTIVE_XE_TARGETINIT	4	51	51	0
PREEMPTIVE_XE_TIMERRUN	1	0	0	0
PREEMPTIVE_SNIOPEN	0	0	0	0
PREEMPTIVE_DEBUG	0	0	0	0
PREEMPTIVE_MSS_RELEASE	0	0	0	0
PREEMPTIVE_LOCKMONITOR	1	0	0	0
PREEMPTIVE_STRESSDRIVER	0	0	0	0
CLEAR_DB	0	0	0	0
PREEMPTIVE_ABR	0	0	0	0
LOGGENERATION	0	0	0	0
IO_RETRY	0	0	0	0
WRITE_COMPLETION	2	0	0	0
AUDIT_XE_SESSION_MGR	0	0	0	0
PWAIT_AUDIT_CLOSE_EXPIRED_LOGS_MGR_RWLOCK	0	0	0	0
AUDIT_ON_DEMAND_TARGET_LOCK	0	0	0	0
PWAIT_AUDIT_SESSIONS_LOCK	0	0	0	0
PWAIT_PREEMPTIVE_AUDIT_ACCESS_WINDOWSLOG	0	0	0	0
AUDIT_LOGINCACHE_LOCK	0	0	0	0
AUDIT_GROUPCACHE_LOCK	0	0	0	0
FT_METADATA_MUTEX	0	0	0	0
FT_IFTSHC_MUTEX	0	0	0	0
FT_IFTSISM_MUTEX	0	0	0	0
FT_IFTS_RWLOCK	0	0	0	0
FT_COMPROWSET_RWLOCK	0	0	0	0
FT_MASTER_MERGE	0	0	0	0
TRACE_EVTNOTIF	0	0	0	0
SOS_SMALL_PAGE_ALLOC	0	0	0	0
MD_LAZYCACHE_RWLOCK	0	0	0	0
MD_AGENT_YIELD	0	0	0	0
IOAFF_RANGE_QUEUE	0	0	0	0
FT_IFTS_SCHEDULER_IDLE_WAIT	0	0	0	0
REPL_HISTORYCACHE_ACCESS	0	0	0	0
REPL_TRANHASHTABLE_ACCESS	0	0	0	0
REPL_TRANTEXTINFO_ACCESS	0	0	0	0
REPL_TRANFSINFO_ACCESS	0	0	0	0
SERVER_RECONFIGURE	0	0	0	0
CHANGE_TRACKING_WAITFORCHANGES	0	0	0	0
PWAIT_MD_RELATION_CACHE	0	0	0	0
PWAIT_MD_SERVER_CACHE	0	0	0	0
PWAIT_MD_LOGIN_STATS	0	0	0	0
DISPATCHER_PRIORITY_QUEUE_SEMAPHORE	0	0	0	0
FT_PROPERTYLIST_CACHE	0	0	0	0
PERFORMANCE_COUNTERS_RWLOCK	4	0	0	0
XIO_CREDENTIAL_RWLOCK	0	0	0	0
XIO_CREDENTIAL_MGR_RWLOCK	0	0	0	0
XIO_EDS_RWLOCK	0	0	0	0
XIO_EDS_MGR_RWLOCK	0	0	0	0
XIO_LEASE_RENEW_MGR_RWLOCK	0	0	0	0
XIO_IOSTATS_BLOBLIST_RWLOCK	0	0	0	0
XIO_IOSTATS_FCBLIST_RWLOCK	0	0	0	0
SECURITY_KEYRING_RWLOCK	0	0	0	0
SQLTRACE_FILE_WRITE_IO_COMPLETION	0	0	0	0
SQLTRACE_FILE_READ_IO_COMPLETION	0	0	0	0
SQLTRACE_PENDING_BUFFER_WRITERS	0	0	0	0
PREEMPTIVE_OS_PDH_WMI_INIT	0	0	0	0
BROKER_TRANSMISSION_WORK	0	0	0	0
BROKER_TRANSMISSION_OBJECT	0	0	0	0
BROKER_TRANSMISSION_TABLE	0	0	0	0
BROKER_DISPATCHER	0	0	0	0
BROKER_FORWARDER	0	0	0	0
UCS_MANAGER	0	0	0	0
UCS_TRANSPORT	0	0	0	0
UCS_MEMORY_NOTIFICATION	0	0	0	0
UCS_ENDPOINT_CHANGE	0	0	0	0
UCS_TRANSPORT_STREAM_CHANGE	0	0	0	0
QUERY_TASK_ENQUEUE_MUTEX	0	0	0	0
SP_PREEMPTIVE_SERVER_DIAGNOSTICS_SLEEP	0	0	0	0
SP_SERVER_DIAGNOSTICS_INIT_MUTEX	0	0	0	0
DBCC_SCALE_OUT_EXPR_CACHE	0	0	0	0
GDMA_GET_RESOURCE_OWNER	0	0	0	0
PWAIT_ALL_COMPONENTS_INITIALIZED	3	1482	562	0
XE_LIVE_TARGET_TVF	0	0	0	0
PREEMPTIVE_SP_SERVER_DIAGNOSTICS	1	0	0	0
SP_SERVER_DIAGNOSTICS_SLEEP	1	0	0	0
AM_INDBUILD_ALLOCATION	0	0	0	0
STARTUP_DEPENDENCY_MANAGER	46	4176	105	2
XDES_HISTORY	0	0	0	0
XDES_SNAPSHOT	0	0	0	0
FT_MASTER_MERGE_COORDINATOR	0	0	0	0
PWAIT_RESOURCE_SEMAPHORE_FT_PARALLEL_QUERY_SYNC	0	0	0	0
REDO_THREAD_PENDING_WORK	0	0	0	0
REDO_THREAD_SYNC	0	0	0	0
COUNTRECOVERYMGR	0	0	0	0
HADR_DB_COMMAND	0	0	0	0
HADR_TRANSPORT_SESSION	0	0	0	0
HADR_CLUSAPI_CALL	45	2	0	0
PWAIT_HADR_CHANGE_NOTIFIER_TERMINATION_SYNC	0	0	0	0
PWAIT_HADR_ACTION_COMPLETED	0	0	0	0
PWAIT_HADR_OFFLINE_COMPLETED	0	0	0	0
PWAIT_HADR_ONLINE_COMPLETED	0	0	0	0
PWAIT_HADR_FAILOVER_COMPLETED	0	0	0	0
PWAIT_HADR_WORKITEM_COMPLETED	0	0	0	0
HADR_WORK_POOL	0	0	0	0
HADR_WORK_QUEUE	0	0	0	0
HADR_LOGCAPTURE_SYNC	0	0	0	0
PWAIT_HADR_CLUSTER_INTEGRATION	0	0	0	0
LOGCAPTURE_LOGPOOLTRUNCPOINT	0	0	0	0
LOGPOOL_CACHESIZE	0	0	0	0
LOGPOOL_FREEPOOLS	0	0	0	0
LOGPOOL_REPLACEMENTSET	0	0	0	0
LOGPOOL_CONSUMERSET	0	0	0	0
LOGPOOL_MGRSET	0	0	0	0
LOGPOOL_CONSUMER	0	0	0	0
LOGPOOLREFCOUNTEDOBJECT_REFDONE	0	0	0	0
HADR_SYNC_COMMIT	0	0	0	0
HADR_AG_MUTEX	0	0	0	0
PWAIT_HADR_SERVER_READY_CONNECTIONS	0	0	0	0
HADR_FILESTREAM_MANAGER	0	0	0	0
HADR_FILESTREAM_BLOCK_FLUSH	0	0	0	0
HADR_FILESTREAM_IOMGR	0	0	0	0
HADR_FILESTREAM_IOMGR_IOCOMPLETION	181	90036	503	2
HADR_FILESTREAM_PREPROC	0	0	0	0
UCS_SESSION_REGISTRATION	0	0	0	0
ENABLE_EMPTY_VERSIONING	0	0	0	0
HADR_DB_OP_START_SYNC	0	0	0	0
HADR_DB_OP_COMPLETION_SYNC	0	0	0	0
HADR_LOGPROGRESS_SYNC	0	0	0	0
HADR_TRANSPORT_DBRLIST	0	0	0	0
HADR_CONNECTIVITY_INFO	0	0	0	0
XDESTSVERMGR	0	0	0	0
GHOSTCLEANUPSYNCMGR	0	0	0	0
HADR_AR_UNLOAD_COMPLETED	0	0	0	0
HADR_PARTNER_SYNC	0	0	0	0
HADR_DBSTATECHANGE_SYNC	0	0	0	0
DIRTY_PAGE_SYNC	0	0	0	0
DIRTY_PAGE_POLL	920	92067	104	4
HTTP_STORAGE_CONNECTION	0	0	0	0
SECURITY_CRYPTO_CONTEXT_MUTEX	0	0	0	0
SECURITY_RULETABLE_MUTEX	0	0	0	0
SEMPLAT_DSI_BUILD	0	0	0	0
FILESTREAM_CHUNKER_INIT	0	0	0	0
FILESTREAM_CHUNKER	0	0	0	0
FFT_RSFX_COMM	0	0	0	0
FFT_RSFX_WAIT_FOR_MEMORY	0	0	0	0
FFT_STARTUP_SHUTDOWN	0	0	0	0
FFT_RECOVERY	0	0	0	0
FFT_NSO_FCB	0	0	0	0
FFT_NSO_FCB_PARENT	0	0	0	0
FFT_NSO_FCB_FIND	0	0	0	0
FFT_NSO_FCB_RELEASE_CACHED_ENTRIES	0	0	0	0
FFT_NSO_FILEOBJECT	0	0	0	0
FFT_NSO_DB_LIST	0	0	0	0
FFT_NSO_DB_KILL_FLAG	0	0	0	0
FFT_NSO_TABLE_LIST	0	0	0	0
FFT_STORE_DB	0	0	0	0
FFT_STORE_TABLE	0	0	0	0
FFT_STORE_ROWSET_LIST	0	0	0	0
FFT_NTFS_STORE	0	0	0	0
HADR_FILESTREAM_FILE_REQUEST	0	0	0	0
PWAIT_MD_UPGRADE_CONFIG	0	0	0	0
PWAIT_COOP_SCAN	0	0	0	0
QRY_PARALLEL_THREAD_MUTEX	0	0	0	0
PWAIT_QRY_BPMEMORY	0	0	0	0
WAITFOR_PER_QUEUE	0	0	0	0
CREATE_DATINISERVICE	0	0	0	0
AM_SCHEMAMGR_UNSHARED_CACHE	0	0	0	0
HADR_REPLICAINFO_SYNC	0	0	0	0
HADR_COMPRESSED_CACHE_SYNC	0	0	0	0
HADR_AR_MANAGER_MUTEX	0	0	0	0
HADR_NOTIFICATION_WORKER_TERMINATION_SYNC	0	0	0	0
HADR_NOTIFICATION_DEQUEUE	1	0	0	0
HADR_ARCONTROLLER_NOTIFICATIONS_SUBSCRIBER_LIST	0	0	0	0
HADR_DBR_SUBSCRIBER_FILTER_LIST	0	0	0	0
HADR_DBR_SUBSCRIBER	0	0	0	0
HADR_NOTIFICATION_WORKER_STARTUP_SYNC	0	0	0	0
HADR_NOTIFICATION_WORKER_EXCLUSIVE_ACCESS	0	0	0	0
HADR_RECOVERY_WAIT_FOR_UNDO	0	0	0	0
HADR_DATABASE_WAIT_FOR_RESTART	0	0	0	0
HADR_DATABASE_WAIT_FOR_RECOVERY	0	0	0	0
HADR_XRF_STACK_ACCESS	0	0	0	0
HADR_RECOVERY_WAIT_FOR_CONNECTION	0	0	0	0
HADR_TRANSPORT_FLOW_CONTROL	0	0	0	0
HADR_DATABASE_FLOW_CONTROL	0	0	0	0
PWAIT_HADR_POST_ONLINE_COMPLETED	0	0	0	0
HADR_DATABASE_WAIT_FOR_TRANSITION_TO_VERSIONING	0	0	0	0
XDES_OUT_OF_ORDER_LIST	0	0	0	0
HADR_BACKUP_BULK_LOCK	0	0	0	0
HADR_BACKUP_QUEUE	0	0	0	0
HADR_LOGCAPTURE_WAIT	0	0	0	0
HADR_AR_CRITICAL_SECTION_ENTRY	0	0	0	0
HADR_TDS_LISTENER_SYNC	0	0	0	0
HADR_READ_ALL_NETWORKS	0	0	0	0
HADR_TDS_LISTENER_SYNC_PROCESSING	0	0	0	0
PWAIT_XTP_FSSTORAGE_MAINTENANCE	0	0	0	0
WAIT_XTP_GUEST	0	0	0	0
WAIT_XTP_TASK_SHUTDOWN	0	0	0	0
XTPPROC_PARTITIONED_STACK_CREATE	0	0	0	0
PREEMPTIVE_HADR_LEASE_MECHANISM	0	0	0	0
HADR_TIMER_TASK	0	0	0	0
PWAIT_EVENT_SESSION_INIT_MUTEX	0	0	0	0
PWAIT_REPLICA_ONLINE_INIT_MUTEX	0	0	0	0
HADR_GROUP_COMMIT	0	0	0	0
HADR_SYNCHRONIZING_THROTTLE	0	0	0	0
HADR_DATABASE_VERSIONING_STATE	0	0	0	0
XTPPROC_CACHE_ACCESS	0	0	0	0
SP_SERVER_DIAGNOSTICS_BUFFER_ACCESS	0	0	0	0
RESOURCE_GOVERNOR_IDLE	0	0	0	0
HADR_FILESTREAM_FILE_CLOSE	0	0	0	0
VERSIONING_COMMITTING	0	0	0	0
FILETABLE_SHUTDOWN	0	0	0	0
PRU_ROLLBACK_DEFERRED	0	0	0	0
WAIT_XTP_TRAN_DEPENDENCY	0	0	0	0
WAIT_XTP_HOST_WAIT	3	109	55	0
PWAIT_XTP_HOST_STORAGE_WAIT	0	0	0	0
HADR_FABRIC_CALLBACK	0	0	0	0
WINFAB_REPORT_FAULT	0	0	0	0
ASYNC_OP_CONTEXT_READ	0	0	0	0
ASYNC_OP_CONTEXT_WRITE	0	0	0	0
ASYNC_OP_COMPLETION	0	0	0	0
FABRIC_REPLICA_PUBLISHER_SUBSCRIBER_LIST	0	0	0	0
FABRIC_REPLICA_CONTROLLER_STATE_AND_CONFIG	0	0	0	0
FABRIC_REPLICA_CONTROLLER_LIST	0	0	0	0
FABRIC_HADR_TRANSPORT_CONNECTION	0	0	0	0
FABRIC_WAIT_FOR_BUILD_REPLICA_EVENT_PROCESSING	0	0	0	0
PWAIT_FABRIC_REPLICA_CONTROLLER_DATA_LOSS	0	0	0	0
VDI_CLIENT_GETCOMMAND	0	0	0	0
VDI_CLIENT_COMPLETECOMMAND	0	0	0	0
VDI_CLIENT_OTHER	0	0	0	0
VDI_CLIENT_OPERATION	0	0	0	0
HADR_DBSEEDING	0	0	0	0
HADR_DBSEEDING_LIST	0	0	0	0
SLO_UPDATE	0	0	0	0
WAIT_XTP_RECOVERY	0	0	0	0
WAIT_XTP_OFFLINE_CKPT_NEW_LOG	0	0	0	0
WAIT_XTP_OFFLINE_CKPT_LOG_IO	0	0	0	0
WAIT_XTP_OFFLINE_CKPT_BEFORE_REDO	0	0	0	0
WAIT_XTP_PROCEDURE_ENTRY	0	0	0	0
WAIT_XTP_CKPT_ENABLED	0	0	0	0
WAIT_XTP_CKPT_AGENT_WAKEUP	0	0	0	0
WAIT_XTP_CKPT_CLOSE	0	0	0	0
WAIT_XTP_CKPT_STATE_LOCK	0	0	0	0
WAIT_XTP_ASYNC_TX_COMPLETION	0	0	0	0
LCK_M_SCH_S_LOW_PRIORITY	0	0	0	0
LCK_M_SCH_M_LOW_PRIORITY	0	0	0	0
LCK_M_S_LOW_PRIORITY	0	0	0	0
LCK_M_U_LOW_PRIORITY	0	0	0	0
LCK_M_X_LOW_PRIORITY	0	0	0	0
LCK_M_IS_LOW_PRIORITY	0	0	0	0
LCK_M_IU_LOW_PRIORITY	0	0	0	0
LCK_M_IX_LOW_PRIORITY	0	0	0	0
LCK_M_SIU_LOW_PRIORITY	0	0	0	0
LCK_M_SIX_LOW_PRIORITY	0	0	0	0
LCK_M_UIX_LOW_PRIORITY	0	0	0	0
LCK_M_BU_LOW_PRIORITY	0	0	0	0
LCK_M_RS_S_LOW_PRIORITY	0	0	0	0
LCK_M_RS_U_LOW_PRIORITY	0	0	0	0
LCK_M_RIn_NL_LOW_PRIORITY	0	0	0	0
LCK_M_RIn_S_LOW_PRIORITY	0	0	0	0
LCK_M_RIn_U_LOW_PRIORITY	0	0	0	0
LCK_M_RIn_X_LOW_PRIORITY	0	0	0	0
LCK_M_RX_S_LOW_PRIORITY	0	0	0	0
LCK_M_RX_U_LOW_PRIORITY	0	0	0	0
LCK_M_RX_X_LOW_PRIORITY	0	0	0	0
LCK_M_SCH_S_ABORT_BLOCKERS	0	0	0	0
LCK_M_SCH_M_ABORT_BLOCKERS	0	0	0	0
LCK_M_S_ABORT_BLOCKERS	0	0	0	0
LCK_M_U_ABORT_BLOCKERS	0	0	0	0
LCK_M_X_ABORT_BLOCKERS	0	0	0	0
LCK_M_IS_ABORT_BLOCKERS	0	0	0	0
LCK_M_IU_ABORT_BLOCKERS	0	0	0	0
LCK_M_IX_ABORT_BLOCKERS	0	0	0	0
LCK_M_SIU_ABORT_BLOCKERS	0	0	0	0
LCK_M_SIX_ABORT_BLOCKERS	0	0	0	0
LCK_M_UIX_ABORT_BLOCKERS	0	0	0	0
LCK_M_BU_ABORT_BLOCKERS	0	0	0	0
LCK_M_RS_S_ABORT_BLOCKERS	0	0	0	0
LCK_M_RS_U_ABORT_BLOCKERS	0	0	0	0
LCK_M_RIn_NL_ABORT_BLOCKERS	0	0	0	0
LCK_M_RIn_S_ABORT_BLOCKERS	0	0	0	0
LCK_M_RIn_U_ABORT_BLOCKERS	0	0	0	0
LCK_M_RIn_X_ABORT_BLOCKERS	0	0	0	0
LCK_M_RX_S_ABORT_BLOCKERS	0	0	0	0
LCK_M_RX_U_ABORT_BLOCKERS	0	0	0	0
LCK_M_RX_X_ABORT_BLOCKERS	0	0	0	0
TERMINATE_LISTENER	0	0	0	0
WAIT_SCRIPTDEPLOYMENT_REQUEST	0	0	0	0
WAIT_SCRIPTDEPLOYMENT_WORKER	0	0	0	0
FEATURE_SWITCHES_UPDATE	0	0	0	0
XTP_HOST_DB_COLLECTION	0	0	0	0
XTP_HOST_LOG_ACTIVITY	0	0	0	0
QDS_DYN_VECTOR	0	0	0	0
QDS_STMT	0	0	0	0
QDS_CTXS	0	0	0	0
QDS_BCKG_TASK	0	0	0	0
QDS_DB_DISK	0	0	0	0
QDS_STMT_DISK	0	0	0	0
QDS_ASYNC_PERSIST_TASK	0	0	0	0
QDS_LOADDB	0	0	0	0
QDS_ASYNC_PERSIST_TASK_START	1	0	0	0
QDS_ASYNC_CHECK_CONSISTENCY_TASK	0	0	0	0
QDS_TASK_START	1	0	0	0
QDS_PERSIST_TASK_MAIN_LOOP_SLEEP	2	60000	60000	0
QDS_TASK_SHUTDOWN	0	0	0	0
QDS_SHUTDOWN_QUEUE	0	0	0	0
QDS_EXCLUSIVE_ACCESS	0	0	0	0
PREEMPTIVE_XE_CX_FILE_OPEN	0	0	0	0
XE_CX_FILE_READ	0	0	0	0
WINFAB_API_CALL	0	0	0	0
PREEMPTIVE_XE_CX_HTTP_CALL	0	0	0	0
PWAIT_LOG_CONSOLIDATION_POLL	0	0	0	0
PWAIT_LOG_CONSOLIDATION_IO	0	0	0	0
COLUMNSTORE_BUILD_THROTTLE	0	0	0	0
DBSEEDING_OPERATION	0	0	0	0
DBSEEDING_FLOWCONTROL	0	0	0	0
PHYSICAL_SEEDING_DMV	0	0	0	0
DROP_DATABASE_TIMER_TASK	0	0	0	0
SNI_CONN_DUP	0	0	0	0
SEQUENCE_GENERATION	0	0	0	0
RTDATA_LIST	0	0	0	0
PWAIT_HADR_JOIN	0	0	0	0
WINFAB_REPLICA_BUILD_OPERATION	0	0	0	0
FABRIC_REPLICA_PUBLISHER_EVENT_PUBLISH	0	0	0	0
QDS_CLEANUP_STALE_QUERIES_TASK_MAIN_LOOP_SLEEP	0	0	0	0
TDS_PROXY_CONTAINER	0	0	0	0
LOG_RATE_GOVERNOR	0	0	0	0
POOL_LOG_RATE_GOVERNOR	0	0	0	0
HADR_THROTTLE_LOG_RATE_GOVERNOR	0	0	0	0
XDB_CONN_DUP_HASH	0	0	0	0
PWAIT_HADRSIM	0	0	0	0
PREEMPTIVE_OS_VERIFYTRUST	6	581	150	0
BROKER_START	0	0	0	0
XTP_TRUNCATION_LSN	0	0	0	0
ROWGROUP_OP_STATS	0	0	0	0
BPSORT	0	0	0	0
ROWGROUP_VERSION	0	0	0	0
XTP_PREEMPTIVE_TASK	1	0	0	0
INSTANCE_LOG_RATE_GOVERNOR	0	0	0	0
NETWORKSXMLMGRLOAD	0	0	0	0
BLOB_METADATA	0	0	0	0
FORWARDER_TRANSITION	0	0	0	0
GLOBAL_TRAN_CREATE	0	0	0	0
CONNECTION_ENDPOINT_LOCK	0	0	0	0
TDS_BANDWIDTH_STATE	0	0	0	0
DTCNEW_RECOVERY	0	0	0	0
DTCNEW_TRANSACTION_ENLISTMENT	0	0	0	0
DTCNEW_ENLIST	0	0	0	0
DTCNEW_PREPARE	0	0	0	0
DTCNEW_TM	0	0	0	0
HCCO_CACHE	0	0	0	0
TDS_INIT	0	0	0	0
WINDOW_AGGREGATES_MULTIPASS	0	0	0	0
REMOTE_DATA_ARCHIVE_MIGRATION_DMV	0	0	0	0
REMOTE_DATA_ARCHIVE_SCHEMA_DMV	0	0	0	0
REMOTE_DATA_ARCHIVE_SCHEMA_TASK_QUEUE	0	0	0	0
GLOBAL_TRAN_UCS_SESSION	0	0	0	0
XE_FILE_TARGET_TVF	0	0	0	0
GLOBAL_QUERY_PRODUCER	0	0	0	0
GLOBAL_QUERY_CONSUMER	0	0	0	0
GLOBAL_QUERY_CANCEL	0	0	0	0
GLOBAL_QUERY_CLOSE	0	0	0	0
SLEEP_MEMORYPOOL_ALLOCATEPAGES	0	0	0	0
SLEEP_WORKSPACE_ALLOCATEPAGE	0	0	0	0
SLEEP_RETRY_VIRTUALALLOC	0	0	0	0
SLEEP_BUFFERPOOL_HELPLW	0	0	0	0
MEMORY_ALLOCATION_EXT	140024	647	9	0
RESERVED_MEMORY_ALLOCATION_EXT	2668	6	0	0
QDS_ASYNC_QUEUE	1	0	0	0
CHECK_SCANNER_MUTEX	0	0	0	0
DIRECTLOGCONSUMER_LIST	0	0	0	0
PWAIT_DIRECTLOGCONSUMER_GETNEXT	0	0	0	0
CHECK_TABLES_INITIALIZATION	0	0	0	0
CHECK_TABLES_SINGLE_SCAN	0	0	0	0
CHECK_TABLES_THREAD_BARRIER	0	0	0	0
QDS_BLOOM_FILTER	0	0	0	0
SHARED_DELTASTORE_CREATION	0	0	0	0
FILE_VALIDATION_THREADS	0	0	0	0
PREEMPTIVE_OS_GETFINALFILEPATHBYHANDLE	0	0	0	0
SATELLITE_SERVICE_SETUP	0	0	0	0
SATELLITE_CARGO	0	0	0	0
SMSYNC	0	0	0	0
XTP_HOST_PARALLEL_RECOVERY	0	0	0	0
WAIT_XTP_SWITCH_TO_INACTIVE	0	0	0	0
HKCS_PARALLEL_RECOVERY	0	0	0	0
SATELLITE_TASK	0	0	0	0
IO_QUEUE_LIMIT	0	0	0	0
DIRTY_PAGE_TABLE_LOCK	0	0	0	0
DPT_ENTRY_LOCK	0	0	0	0
RECOVERY_MGR_LOCK	0	0	0	0
PARALLEL_REDO_FLOW_CONTROL	0	0	0	0
PARALLEL_REDO_WORKER_SYNC	2	1	1	1
PARALLEL_REDO_DRAIN_WORKER	0	0	0	0
PARALLEL_REDO_TRAN_LIST	0	0	0	0
PARALLEL_REDO_LOG_CACHE	0	0	0	0
PARALLEL_REDO_WORKER_WAIT_WORK	338	2022	14	21
PARALLEL_REDO_TRAN_TURN	0	0	0	0
SOCKETDUPLICATEQUEUE_CLEANUP	0	0	0	0
FFT_NSO_FCB_STATE	0	0	0	0
SESSION_WAIT_STATS_CHILDREN	0	0	0	0
QE_WARN_LIST_SYNC	0	0	0	0
HKCS_PARALLEL_MIGRATION	0	0	0	0
HK_RESTORE_FILEMAP	0	0	0	0
LOG_POOL_SCAN	0	0	0	0
HADR_SEEDING_LIMIT_BACKUPS	0	0	0	0
HADR_SEEDING_CANCELLATION	0	0	0	0
HADR_SEEDING_SYNC_COMPLETION	0	0	0	0
HADR_SEEDING_TIMEOUT_TASK	0	0	0	0
HADR_SEEDING_FILE_LIST	0	0	0	0
HADR_SEEDING_WAIT_FOR_COMPLETION	0	0	0	0
EXTERNAL_SCRIPT_PREPARE_SERVICE	0	0	0	0
EXTERNAL_SCRIPT_SHUTDOWN	0	0	0	0
EXTERNAL_RG_UPDATE	0	0	0	0
QDS_QDS_CAPTURE_INIT	0	0	0	0
EXTERNAL_WAIT_ON_LAUNCHER,	0	0	0	0
ASYNC_SOCKETDUP_IO	0	0	0	0
ASSEMBLY_FILTER_HASHTABLE	0	0	0	0
SECURITY_DBE_STATE_MUTEX	0	0	0	0
LOGMGR_PMM_LOG	0	0	0	0
COLUMNSTORE_COLUMNDATASET_SESSION_LIST	0	0	0	0
GHOSTCLEANUP_UPDATE_STATS	0	0	0	0
SECURITY_CNG_PROVIDER_MUTEX	0	0	0	0
TEMPORAL_BACKGROUND_PROCEED_CLEANUP	0	0	0	0
QDS_HOST_INIT	0	0	0	0
EXTERNAL_SCRIPT_NETWORK_IO	0	0	0	0
HADR_THROTTLE_LOG_RATE_LOG_SIZE	0	0	0	0
HADR_THROTTLE_LOG_RATE_SEND_RECV_QUEUE_SIZE	0	0	0	0
HADR_THROTTLE_LOG_RATE_SEEDING	0	0	0	0
QRY_PROFILE_LIST_MUTEX	0	0	0	0
RESTORE_FILEHANDLECACHE_ENTRYLOCK	0	0	0	0
RESTORE_FILEHANDLECACHE_LOCK	0	0	0	0
MEMORY_GRANT_UPDATE	0	0	0	0
SBS_TRANSPORT	0	0	0	0
PWAIT_SBS_FILE_OPERATION	0	0	0	0
SBS_DISPATCH	0	0	0	0
SBS_RECEIVE_TRANSPORT	0	0	0	0
WAIT_XTP_COMPILE_WAIT	0	0	0	0
WAIT_XTP_SERIAL_RECOVERY	0	0	0	0
PWAIT_PREEMPTIVE_APP_USAGE_TIMER	0	0	0	0
REMOTE_BLOCK_IO	0	0	0	0
MIGRATIONBUFFER	0	0	0	0
RBIO_WAIT_VLF	0	0	0	0
WAIT_XLOGREAD_SIGNAL	0	0	0	0
FOREIGN_REDO	0	0	0	0
BLOB_CONTAINER_TABLE	0	0	0	0
XE_STUBMGR_CLOSE	0	0	0	0
RESTORE_MSDA_THREAD_BARRIER	0	0	0	0
BACKUP_INMEM_DIFFLIST_READ_ACCESS	0	0	0	0
BACKUP_INMEM_DIFFLIST_WRITE_ACCESS	0	0	0	0
SLEEP_SETUP	0	0	0	0
COLUMNSTORE_MIGRATION_BACKGROUND_TASK	0	0	0	0
PREEMPTIVE_XE_PROXY_SESSIONCOMMIT	0	0	0	0
PREEMPTIVE_XE_PROXY_ADDSESSION	0	0	0	0
PREEMPTIVE_XE_PROXY_REMOVESESSION	0	0	0	0
PREEMPTIVE_XE_PROXY_PROCESSBUFFER	0	0	0	0
PWAIT_PREEMPTIVE_XE_STUB_LISTENER	0	0	0	0
UCS_CNG_PROVIDER_MUTEX	0	0	0	0
PREEMPTIVE_OS_BCRYPTIMPORTKEY	0	0	0	0
PREEMPTIVE_OS_NCRYPTIMPORTKEY	0	0	0	0
PWAIT_EXTERNAL_SCRIPT_LIBMGMT_DIR_PERMS	0	0	0	0
CLONEDB_CHECKDB	0	0	0	0
HADR_DBHEALTH_INFOMAP_ACCESS	0	0	0	0
SP_PREPARE_HANDLE	0	0	0	0
PREEMPTIVE_OS_LOOKUPACCOUNTNAME	0	0	0	0
PREEMPTIVE_XA_START	0	0	0	0
PREEMPTIVE_XA_OPERATION	0	0	0	0
PREEMPTIVE_XA_RECOVER	0	0	0	0
